﻿<minixlskin>
	<resource>
		<texture id="MainDlg" image="downloader\MainFrame.png" type="nineinone"/>
		<texture id="NormalDlg" image="downloader\NormalFrame.png" type="nineinone"/>
		<texture id="TipsFrame" image="downloader\TipsFrame.png" type="nineinone"/>
		<texture id="WelcomeFrame" image="downloader\WelcomeFrame.png" type="nineinone"/>
		<texture id="MiniXlTab_Normal" image="downloader\MiniXlTab_Normal.png" type="nineinone"/>
		<texture id="MiniXlTab_Sel" image="downloader\MiniXlTab_Sel.png" type="nineinone"/>
		<texture id="xlheadbar" image="downloader\xlheadbar.png" type="nineinone"/>
		<texture id="xlheadbar_bk" image="downloader\xlheadbar_bk.png" type="nineinone"/>
		<bitmap id="bitorrent_big" image="downloader\bitorrent_big.png" />
		<bitmap id="bitorrent_min" image="downloader\bitorrent_min.png" />
		<bitmap id="maindlg_title" image="downloader\maindlg_title.png" />
		<bitmap id="default_icon" image="downloader\default_icon.png" />
		<imagelist id="mini_btn_list" splitter="1" blocknum="3" image="downloader\Mini_Btn.png">
			<bitmap id="mini_btn_normal" imagelist="title_btn" index="0" /> 
			<bitmap id="mini_btn_over" imagelist="title_btn" index="1" /> 
			<bitmap id="mini_btn_down" imagelist="title_btn" index="2" /> 
		</imagelist>
		<imagelist id="close_btn_list" splitter="1" blocknum="3" image="downloader\close_btn.png">
			<bitmap id="close_btn_normal" imagelist="close_btn_list" index="0" />
			<bitmap id="close_btn_over" imagelist="close_btn_list" index="1" />
			<bitmap id="close_btn_down" imagelist="close_btn_list" index="2" />
		</imagelist>
		<imagelist id="close_alone_btn_list" splitter="1" blocknum="3" image="downloader\close_btn_alone.png">
			<bitmap id="close_alone_btn_normal" imagelist="close_alone_btn_list" index="0" />
			<bitmap id="close_alone_btn_over" imagelist="close_alone_btn_list" index="1" />
			<bitmap id="close_alone_btn_down" imagelist="close_alone_btn_list" index="2" />
		</imagelist>
		<imagelist id="check_btn_list" splitter="1" blocknum="6" image="downloader\check_btn_list.png">
			<bitmap id="check_sel_btn" imagelist="check_btn_list" index="0" />
			<bitmap id="check_btn_normal" imagelist="check_btn_list" index="1" />
			<bitmap id="check_sel_small_btn" imagelist="check_btn_list" index="2" />
			<bitmap id="check_sel_grayed_btn" imagelist="check_btn_list" index="3" />
			<bitmap id="check_btn_grayed" imagelist="check_btn_list" index="4" />	
			<bitmap id="check_btn_over" imagelist="check_btn_list" index="5" />
			<bitmap id="check_btn_down" imagelist="check_btn_list" index="1" />
		</imagelist>
		<imagelist id="check_box_list" splitter="1" blocknum="5" image="downloader\check_box.png">
			<bitmap id="check_box_normal" imagelist="check_box_list" index="0" />
			<bitmap id="check_box_over" imagelist="check_box_list" index="1" />
			<bitmap id="check_box_grayed" imagelist="check_box_list" index="2" />
			<bitmap id="check_box_check" imagelist="check_box_list" index="3" />
			<bitmap id="check_box_part" imagelist="check_box_list" index="4" />	

		</imagelist>
		<imagelist id="radio_btn_list" splitter="1" blocknum="5" image="downloader\radio_btn_list.png">
			<bitmap id="radio_sel_btn" imagelist="radio_btn_list" index="1" />
			<bitmap id="radio_btn_normal" imagelist="radio_btn_list" index="0" />
			<bitmap id="radio_sel_small_btn" imagelist="radio_btn_list" index="1" />
			<bitmap id="radio_sel_grayed_btn" imagelist="radio_btn_list" index="2" />
			<bitmap id="radio_btn_grayed" imagelist="radio_btn_list" index="3" />	
			<bitmap id="radio_btn_over" imagelist="radio_btn_list" index="4" />
			<bitmap id="radio_btn_down" imagelist="radio_btn_list" index="0" />
		</imagelist>
		<imagelist id="expandcollapse_btn_list" splitter="1" blocknum="6" image="downloader\expandcollapse.png">
			<bitmap id="collapse_btn_normal" imagelist="expandcollapse_btn_list" index="0" />
			<bitmap id="collapse_btn_over" imagelist="expandcollapse_btn_list" index="1" />
			<bitmap id="collapse_btn_down" imagelist="expandcollapse_btn_list" index="2" />
			<bitmap id="expand_btn_normal" imagelist="expandcollapse_btn_list" index="3" />	
			<bitmap id="expand_btn_over" imagelist="expandcollapse_btn_list" index="4" />
			<bitmap id="expand_btn_down" imagelist="expandcollapse_btn_list" index="5" />
		</imagelist>
		<imagelist id="Selbutton_list" splitter="1" blocknum="4" image="downloader\SelButton.png">
			<bitmap id="SelButton_null" imagelist="Selbutton_list" index="0" />
			<bitmap id="SelButton_normal" imagelist="Selbutton_list" index="1" />
			<bitmap id="SelButton_over" imagelist="Selbutton_list" index="2" />
			<bitmap id="SelButton_down" imagelist="Selbutton_list" index="3" />	
		</imagelist>

		<bitmap id="line_17h" image="downloader\line_17h.png" />

		<comment text="CMiniXLTaskList class resource" />
		<texture id = "TaskSucceeded" image="downloader\TaskNormal.png" type="threeinoneh"/>
		<texture id = "TaskSucceededSelected" image="downloader\TaskSelected.png" type="threeinoneh"/>
		<texture id = "TaskStarted" image="downloader\TaskDownloadNormal.png" type="threeinoneh"/>
		<texture id = "TaskStartedSelected" image="downloader\TaskDownloadSelected.png" type="threeinoneh"/>
		<texture id = "TaskStartedActived" image="downloader\TaskActive.png" type="threeinoneh"/>
		<texture id = "TaskFailed" image="downloader\TaskFailed.png" type="threeinoneh"/>
		<texture id = "TaskFailedActived" image="downloader\TaskFailedActived.png" type="threeinoneh"/>
		<texture id = "TaskFailedSelected" image="downloader\TaskFailedSelected.png" type="threeinoneh"/>
		<texture id = "TaskNormalProgress" image="downloader\TaskNormalProgress.png" type="threeinoneh"/>
		<texture id = "TaskActiveProgress" image="downloader\TaskActiveProgress.png" type="threeinoneh"/>
		<texture id = "ExportTask2Thunder7Progress" image="downloader\ExportTask2Thunder7Progress.png" type="threeinoneh"/>
		<texture id = "ExportTask2Thunder7ProgressBk" image="downloader\ExportTask2Thunder7ProgressBk.png" type="threeinoneh"/>
		<int id = "NOACTIVEHIGHT" value = "52" />
		<int id = "ACTIVEHIGHT" value = "71" />
		<int id = "OVERLAP" value = "1" />
		<color id="lowspeed_text_color" r="201" g="38" b="45" />
		<color id="tasklistnormalbk" r="240" g="248" b="255" />
		<color id="tasklistrectbk" r="157" g="198" b="235" />
		<color id="tasklistnormaltext" r="0" g="0" b="0" />
		<color id="tasklistadvicetext" r="0" g="144" b="255" />
		<color id="tasklistgraytext" r="102" g="102" b="102" />
		<color id="htmltextbk" r="0" g="130" b="251" />
		<color id="staticmsg" r="138" g="138" b="138" />
		<color id="tasklistselectedbk" r="213" g="233" b="255" />
		<color id="tasklistprogress" r="225" g="225" b="225" />
		<color id="tasklistselectedprogress" r="225" g="225" b="255" />
		<color id="tasksuccess" r="35" g="186" b="15" />
		<color id="taskfailed" r="225" g="2" b="2" />
		<color id="tasksuccess_gray" r="35" g="186" b="15" />
		<color id="taskfailed_gray" r="225" g="2" b="2" />
		<color id="360_safe" r="35" g="186" b="15" />
		<color id="360_unknow" r="254" g="161" b="0" />
		<color id="360_danger" r="223" g="53" b="14" />
		<font id="tasklist_cn"  bold="0" Italic="0" Underline="0" width="0" height="12" />
		<font id="tasklist_en"  bold="0" Italic="0" Underline="0" width="0" height="12" />
		<font id="tasklist_cn_bold"  bold="1" Italic="0" Underline="0" width="0" height="12" />
		<font id="tasklist_en_bold"  bold="1" Italic="0" Underline="0" width="0" height="12" />

		<texture id = "warning_texture" image="downloader\warning_texture.png" type="threeinoneh"/>
		<comment text="CXBToolWnd class resource" />

		<bitmap id="task_open_btn_normal" image="downloader\task_open_btn_normal.png" />
		<bitmap id="task_open_btn_over" image="downloader\task_open_btn_over.png" />
		<bitmap id="task_open_btn_down" image="downloader\task_open_btn_down.png" />
		<bitmap id="task_stop_btn_normal" image="downloader\task_stop_btn_normal.png" />
		<bitmap id="task_stop_btn_over" image="downloader\task_stop_btn_over.png" />
		<bitmap id="task_stop_btn_down" image="downloader\task_stop_btn_down.png" />
		<bitmap id="task_start_btn_normal" image="downloader\task_start_btn_normal.png" />
		<bitmap id="task_start_btn_over" image="downloader\task_start_btn_over.png" />
		<bitmap id="task_start_btn_down" image="downloader\task_start_btn_down.png" />
		<bitmap id="task_restart_btn_normal" image="downloader\task_restart_btn_normal.png" />
		<bitmap id="task_restart_btn_over" image="downloader\task_restart_btn_over.png" />
		<bitmap id="task_restart_btn_down" image="downloader\task_restart_btn_down.png" />

		<bitmap id="task_opendir_btn_normal" image="downloader\task_opendir_btn_normal.png" />
		<bitmap id="task_opendir_btn_over" image="downloader\task_opendir_btn_over.png" />
		<bitmap id="task_opendir_btn_down" image="downloader\task_opendir_btn_down.png" />

		<imagelist id = "task_btn_list" blocknum="6" image="downloader\task_state_icon_6in1.png">
			<bitmap id= "task_start_btn" imagelist="task_btn_list" index="0" /> 
			<bitmap id= "task_stop_btn" imagelist="task_btn_list" index="1" /> 
			<bitmap id= "task_failed_btn" imagelist="task_btn_list" index="2" /> 
			<bitmap id= "task_wait_btn" imagelist="task_btn_list" index="3" /> 
			<bitmap id= "Task_success_btn" imagelist="task_btn_list" index="4" /> 
			<bitmap id= "task_open_btn" imagelist="task_btn_list" index="5" /> 
		</imagelist>
		<imagelist id = "task_status_list" blocknum="6" image="downloader\task_state_icon_6in1.png">
			<bitmap id= "task_status_started" imagelist="task_status_list" index="0" /> 
			<bitmap id= "task_status_stoped" imagelist="task_status_list" index="1" /> 
			<bitmap id= "task_status_failed" imagelist="task_status_list" index="2" /> 
			<bitmap id= "task_status_waiting" imagelist="task_status_list" index="3" /> 
			<bitmap id= "task_status_success" imagelist="task_status_list" index="4" /> 
			<bitmap id= "task_status_open" imagelist="task_status_list" index="5" /> 
		</imagelist>

		<imagelist id = "delete_btn_list" blocknum="3" image="downloader\delete_btn_list.png">
			<bitmap id= "task_delete_btn_normal" imagelist="delete_btn_list" index="0" /> 
			<bitmap id= "task_delete_btn_over" imagelist="delete_btn_list" index="1" /> 
			<bitmap id= "task_delete_btn_down" imagelist="delete_btn_list" index="2" /> 
		</imagelist>

		<imagelist id = "downpop_icon_list" blocknum="2" image="downloader\downpop_icon_list.png">
			<bitmap id = "downpop_btn_normal" imagelist="downpop_icon_list" index="0" />
			<bitmap id = "downpop_btn_down" imagelist="downpop_icon_list" index="1" />
		</imagelist>

		<imagelist id = "icon_4in1_list" blocknum="6" image="downloader\icon_4in1.png">
			<bitmap id= "down_icon" imagelist="icon_4in1_list" index="0" /> 
			<bitmap id= "setting_icon" imagelist="icon_4in1_list" index="1" /> 
			<bitmap id= "userforum_icon" imagelist="icon_4in1_list" index="2" /> 
			<bitmap id= "exit_icon" imagelist="icon_4in1_list" index="3" /> 
			<bitmap id= "what_icon" imagelist="icon_4in1_list" index="4" /> 
			<bitmap id= "fold_icon" imagelist="icon_4in1_list" index="5" /> 
		</imagelist>
		<imagelist id = "tool_icon_4in1_list" blocknum="5" image="downloader\tool_icon_4in1.png">
			<bitmap id= "new_icon" imagelist="tool_icon_4in1_list" index="0" /> 
			<bitmap id= "xl7_icon" imagelist="tool_icon_4in1_list" index="1" /> 
			<bitmap id= "menu_icon" imagelist="tool_icon_4in1_list" index="2" /> 
			<bitmap id= "weibo_icon" imagelist="tool_icon_4in1_list" index="3" /> 
		</imagelist>
		<comment text="button texture resource" />
		<texture id = "btn_small_normal" image="downloader\btn_23h_normal.png" type="threeinoneh"/>
		<texture id = "btn_small_over" image="downloader\btn_23h_over.png" type="threeinoneh"/>
		<texture id = "btn_small_down" image="downloader\btn_23h_down.png" type="threeinoneh"/>
		<texture id = "btn_big_normal" image="downloader\btn_26h_normal.png" type="threeinoneh"/>
		<texture id = "btn_big_over" image="downloader\btn_26h_over.png" type="threeinoneh"/>
		<texture id = "btn_big_down" image="downloader\btn_26h_down.png" type="threeinoneh"/>
		
		<texture id = "btn_sel_big_normal" image="downloader\btn_sel_26h_normal.png" type="threeinoneh"/>
		<texture id = "btn_sel_big_over" image="downloader\btn_sel_26h_over.png" type="threeinoneh"/>
		<texture id = "btn_sel_big_down" image="downloader\btn_sel_26h_down.png" type="threeinoneh"/>

		<texture id="update_btn_normal" image="downloader\btn_update_normal.png"  type="threeinoneh"/> 
		<texture id="update_btn_over" image="downloader\btn_update_over.png" type="threeinoneh"/> 
		<texture id="update_btn_down" image="downloader\btn_update_down.png" type="threeinoneh"/> 

		<bitmap id = "default_menu" image="downloader\default_menu.png" />
		<bitmap id = "MsgBoxIcon" image="downloader\MsgBoxIcon.png" />
		<bitmap id = "MsgBoxIcon_warning" image="downloader\MsgBoxIcon_warning.png" />
		<bitmap id = "SuccessIcon" image="downloader\SuccessIcon.png" />
		<int id = "MsgBoxIcon_x" value = "35" />
		<int id = "MsgBoxIcon_y" value = "50" />
		<stringmap id= "menu" first= "" second="default_menu" />
		<stringmap id= "menu" first= "重新下载(&amp;R)" second="task_start_btn" />
		<stringmap id="menu" first="浏览引用页(&amp;B)" second="userforum_icon" />
		<stringmap id="menu" first="复制下载地址(&amp;C)" second="menu_icon" />
		<stringmap id="menu" first="打开文件(&amp;O)" second="task_open_btn" />
		<stringmap id="menu" first="打开目录(&amp;D)" second="task_open_btn" />
		<stringmap id="menu" first="属性(&amp;P)" second="default_menu" />
		<stringmap id="menu" first="转移到迅雷7下载" second="xl7_icon" />
		<stringmap id="menu" first="设置(&amp;S)" second="setting_icon" />
		<stringmap id="menu" first="用户论坛(&amp;U)" second="userforum_icon" />
		<stringmap id="menu" first="关于(&amp;A)" second="menu_icon" />
		<stringmap id="menu" first="退出(&amp;X)" second="exit_icon" />
		<stringmap id="menu" first="创建新任务" second="new_icon" />
		<stringmap id="menu" first="开始任务(&amp;S)" second="task_start_btn" />
		<stringmap id="menu" first="停止任务(&amp;P)" second="task_status_stoped" />
		<stringmap id="menu" first="删除" second="task_delete_btn" />
		<stringmap id="menu" first="删除任务和文件" second="task_status_failed" />
		<stringmap id="menu" first="升级到迅雷7" second="xl7_icon" />
		<stringmap id="menu" first="清空已完成" second="menu_icon" />
		
		<stringmap id="en2cn" first="MiniXl" second="迅雷精简版" />
		<stringmap id="en2cn" first="Thunder" second="迅雷" />
		<stringmap id="en2cn" first="Thunder7" second="迅雷" />
		<stringmap id="en2cn" first="Thunder5" second="迅雷" />
		<stringmap id="en2cn" first="IE" second="IE下载" />
		<stringmap id="cn2en" first="迅雷精简版" second="MiniXl" />
		<stringmap id="cn2en" first="迅雷" second="Thunder" />
		<stringmap id="cn2en" first="迅雷7" second="Thunder" />		
		<stringmap id="cn2en" first="迅雷6" second="Thunder" />
		<stringmap id="cn2en" first="迅雷5" second="Thunder" />
		<stringmap id="cn2en" first="IE下载" second="IE" />

		<comment text="插件用到的资源 resource" />
		<bitmap id = "downtriangle" image="downloader\downtriangle.png" />
		<bitmap id = "xllitelogo" image="downloader\xllitelogo.png" />
		<bitmap id = "about_title" image="downloader\about_title.png" />
		<imagelist id = "triangle_delete_list2" blocknum="5" image="downloader\triangle_delete.png">
			<bitmap id= "downtriangle" imagelist="triangle_delete_list2" index="0" /> 
			<bitmap id= "task_delete_btn2" imagelist="triangle_delete_list2" index="1" /> 
		</imagelist>
		<imagelist id = "tiny_close_btn_list" blocknum="5" image="downloader\tiny_close_btn.png">
			<bitmap id= "tiny_close_normal_btn" imagelist="tiny_close_btn_list" index="0" /> 
			<bitmap id= "tiny_close_over_btn" imagelist="tiny_close_btn_list" index="1" /> 
			<bitmap id= "tiny_close_down_btn" imagelist="tiny_close_btn_list" index="2" /> 
		</imagelist>		
		<bitmap id = "taskbar_bgofnum" image="downloader\taskbar_bgofnum.png" />
		<bitmap id = "taskbar_unsigned" image="downloader\taskbar_unsigned.png" />
	</resource>	
</minixlskin>
